<ActionStruct xmlns:xsi="http://www.w3.org/2001/XMLSchema-instance" xmlns:xsd="http://www.w3.org/2001/XMLSchema"><Steps><StepStruct><ID>1</ID><VBScript>Browser("Login | Salesforce").Page("Login | Salesforce").WebEdit("username").Set Parameter("username")</VBScript><HighlightID>10000000</HighlightID><Snapshot>.\Snapshots\ssf1.html</Snapshot></StepStruct><StepStruct><ID>2</ID><VBScript>Browser("Login | Salesforce").Page("Login | Salesforce").WebEdit("pw").SetSecure Parameter("password")</VBScript><HighlightID>10000000</HighlightID><Snapshot>.\Snapshots\ssf2.html</Snapshot></StepStruct><StepStruct><ID>3</ID><VBScript>Browser("Login | Salesforce").Page("Login | Salesforce").WebButton("Log In").Click </VBScript><HighlightID>10000000</HighlightID><Snapshot>.\Snapshots\ssf3.html</Snapshot></StepStruct><StepStruct><ID>4</ID><VBScript>Browser("Login | Salesforce").Page("Salesforce - Professional").Link("Orders").Click </VBScript><HighlightID>10000000</HighlightID><Snapshot>.\Snapshots\ssf4.html</Snapshot></StepStruct><StepStruct><ID>5</ID><VBScript>Browser("Login | Salesforce").Page("Orders: Home ~ Salesforce").WebButton("New").Click </VBScript><HighlightID>10000000</HighlightID><Snapshot>.\Snapshots\ssf5.html</Snapshot></StepStruct><StepStruct><ID>7</ID><VBScript>Browser("Login | Salesforce").Page("New Order ~ Salesforce").WebEdit("accid").Set Parameter("account_name")</VBScript><HighlightID>10000000</HighlightID><Snapshot>.\Snapshots\ssf7.html</Snapshot></StepStruct><StepStruct><ID>9</ID><VBScript>Browser("Login | Salesforce").Page("New Order ~ Salesforce").WebEdit("Contract").Set Parameter("contract_number")</VBScript><HighlightID>10000000</HighlightID><Snapshot>.\Snapshots\ssf9.html</Snapshot></StepStruct><StepStruct><ID>10</ID><VBScript>Browser("Login | Salesforce").Page("New Order ~ Salesforce").WebEdit("EffectiveDate").Set Parameter("order_date")</VBScript><HighlightID>10000000</HighlightID><Snapshot>.\Snapshots\ssf10.html</Snapshot></StepStruct><StepStruct><ID>11</ID><VBScript>Browser("Login | Salesforce").Page("New Order ~ Salesforce").WebEdit("Description").Set Parameter("description")</VBScript><HighlightID>10000000</HighlightID><Snapshot>.\Snapshots\ssf11.html</Snapshot></StepStruct><StepStruct><ID>12</ID><VBScript>Browser("Login | Salesforce").Page("New Order ~ Salesforce").WebButton("Save").Click </VBScript><HighlightID>10000000</HighlightID><Snapshot>.\Snapshots\ssf12.html</Snapshot></StepStruct><StepStruct><ID>14</ID><VBScript>Browser("Login | Salesforce").Page("Order 00000132 ~ Salesforce").WebElement("Order 00000132").Output CheckPoint("order_number")</VBScript><HighlightID/><Snapshot/></StepStruct></Steps><Parameters><ParamStruct><Name>username</Name><Direction>Input</Direction><Type>String</Type><DefaultValueString/></ParamStruct><ParamStruct><Name>password</Name><Direction>Input</Direction><Type>String</Type><DefaultValueString/></ParamStruct><ParamStruct><Name>account_name</Name><Direction>Input</Direction><Type>String</Type><DefaultValueString/></ParamStruct><ParamStruct><Name>order_date</Name><Direction>Input</Direction><Type>String</Type><DefaultValueString/></ParamStruct><ParamStruct><Name>contract_number</Name><Direction>Input</Direction><Type>String</Type><DefaultValueString/></ParamStruct><ParamStruct><Name>description</Name><Direction>Input</Direction><Type>String</Type><DefaultValueString/></ParamStruct><ParamStruct><Name>order_number</Name><Direction>Output</Direction><Type>String</Type><DefaultValueString>${order_number}</DefaultValueString></ParamStruct></Parameters></ActionStruct>